Competition 1,Competition 2,Competition 3,Competition 4 ,Competition 5,Competition 6,Competition 7,Competition 8,Competition 8,Competition 9,Competition 10,,
151707,56821,15205,196123,76666,13990,23659,751509,342571,0,0,10,College Vegetarian Cookbook Quick PlantBased Recipes Every College 
105983,499956,0,0,0,0,0,0,0,0,0,3,Southern Salads Sides Soups Southern Favorites Southern Cooking 
1935806,709962,7863,34162,1490834,106024,904,2930,671769,1210132,1758455,19,Pasta Salad The Ultimate Guide 
795364,61163,1152536,0,0,0,0,0,0,0,0,4,Filling Salads Healthy Weight Loss Delicious Salads Help 
175625,2127677,0,0,0,0,0,0,0,0,0,3,Top Most Delicious Homemade Salad Dressing Recipes A 
887307,31568,0,6748,17279,39471,37210,743,2930,300097,14713,201,Keto Meal Prep Cookbook For Beginners Easy Simple 
78124,123809,36618,83672,54631,175536,0,0,0,0,0,7,Vegetarian Keto Diet Beginners TOP Amazing Simple Recipes 
559726,27997,486418,191913,52845,595159,145964,1023536,250303,836791,523,17,Gastric Sleeve Bariatric Surgery Cookbook The Complete Guide 
5126646,61163,2593619,2788256,456930,666797,81506,90170,56369,4553502,0,11,Nutribullet Recipe Book Smoothie Recipes WeightLoss Detox AntiAging 
358316,3791991,78266,48005,0,0,0,0,0,0,0,5,The Dinner Salad Cookbook Easy Satisfying Recipes That 
278677,383954,87836,108561,380352,36314,78124,856828,210515,511,642783,19,PlantBased Diet The Essential Cookbook Beginners Healthy Recipes 
603725,0,0,0,0,0,0,0,0,0,0,2,Love Vegan The Ultimate Asian Cookbook Easy Plant 
5795,20006,6801,469616,15941,2055,56230,324779,16389,44813,63607,191,Keto Instant Pot Recipes Cookbook The Easy Electric 
153942,0,0,0,0,0,0,0,0,0,0,2,Fresh India Quick Easy Delicious Vegetarian Recipes Every 
175625,264040,0,0,0,0,0,0,0,0,0,3,Simply Salads More Creative Recipes You Can Make 
8678,7767,107344,121084,39206,236791,308764,11134,226790,308764,23462,22,DASH Diet Dummies Easy Recipes Day Diet Meal 
5795,74589,342571,0,0,0,0,0,0,0,0,4,PlantBased Diet Meal Prep Reasons Choose PlantBased Diet 
1308731,8678,197235,21355,4882220,88936,1172,25804,11905,8155,2930,436,Days Salad Recipes A Salad Cookbook Over Salad 
48005,4882220,764465,1050253,1620273,2610500,1728476,2366091,1731923,0,0,10,Delicious Salads Dressings And Dips Healthy Salad Recipes 
1787677,983157,449915,48005,1476573,1728073,98441,12199,4882220,301061,175625,204,Homemade Salad Dressing Recipes A Salad Dressings Cookbook 
48005,512304,0,0,0,0,0,0,0,0,0,3,Mediterranean Salad Cookbook Incredibly Delicious Salad Recipes Natural 
48005,0,0,0,0,0,0,0,0,0,0,2,Food Mighty Salads New Ways Turn Salad Dinner 
12199,0,0,0,0,0,0,0,0,0,0,2,Simple Salad Cookbook Recipes That Can Be Made 
209120,852242,1342900,73460,4882220,48005,512304,706265,289164,66742,12199,21,The Mediterranean Salad Cookbook Salads Salad Dressings Healthy 
6095,33503,11945,6555,684,10146,15877,21857,7056,14835,34187,58,PlantBased Diet Cookbook Beginners Day Meal Plan Energize 
146419,258023,47481,665893,155834,163460,733447,75954,315149,5795,501573,28,FAST EASY VEGETARIAN MEAL PREP Weekly Plans Recipes 
902630,246515,18909,283847,300518,54631,508817,789381,1160604,308187,18972,35,Vegan Cookbook Delicious Vegan Glutenfree Breakfast Lunch Dinner 
684,117048,449460,102261,36314,265323,88004,225889,1263420,39328,228253,39,Keto Vegetarian Cookbook Easy Delicious LowCarb Vegetarian Recipes 
78266,15185,867443,39659,110306,1082839,197136,153947,0,0,0,9,Vegan Athlete Cookbook HighProtein Delicious Recipes Your Workouts 
33675,590713,499956,12028,263834,232688,172018,23659,648255,0,626811,672,Corn Cookbook 
314467,134735,394811,0,0,0,0,0,0,0,0,4,The Happy Pear Recipes Happiness Delicious Easy Vegetarian 
5922,2593822,102454,193523,165861,515315,1128007,1886897,1872297,7230,0,11,The Quick Easy Spiralizer Cookbook Vegetable Noodle Recipes 
129198,1011621,127018,10398,1128038,234093,732238,8678,104634,546747,76076,29,The Alkaline Diet Ultimate Guide Beginners Healthy Recipes 
78160,0,0,0,0,0,0,0,0,0,0,2,Unauthorized Copycat Panera Bread Salads Dressings Current Classics 
89258,1199848,879795,2536807,58410,15782,3186098,121084,0,0,0,9,Green Salads Quick Easy Gluten Free Low Cholesterol 
824545,505863,333372,0,15185,15205,15205,186967,867443,76666,8127,423,Plant Based Cookbook Plant Based Cookbook Beginners Weeks 
44096,39328,342571,64835,14518,119431,25804,356131,78266,77553,434817,52,Superfood Cookbook Delicious Vegetarian Superfood Salads Easy Weight 
236228,283847,0,0,0,0,0,0,0,0,0,3,Vegan Mediterranean Cookbook Incredibly Delicious Vegan Salad Soup 
827253,608619,0,0,0,0,0,0,0,0,0,4,Eat Thrive The AntiDiet Cookbook 
44813,0,0,0,0,0,0,0,0,0,0,2,Easy Coleslaw Cookbook Delicious Coleslaw Recipes nd Edition 
22289,0,0,0,0,0,0,0,0,0,0,2,The Mason Jar Cookbook Healthy Portable Meals breakfast 
665893,360158,399987,42982,510106,638960,78124,146911,15639,0,0,10,Plant Based Meal Prep Healthy PlantBased Recipes Cleanse 
300283,187419,75954,511,118920,47481,334267,36314,13238,126677,1155291,22,THE PLANTBASED DIET COOKBOOK FOR BEGINNERS An Inspiring 
342571,0,0,0,0,0,0,0,0,0,0,2,Super Easy Vegetarian Keto Cookbook The proven way 
736787,0,0,0,0,0,0,0,0,0,0,2,Mason Jar Meals Cookbook Exquisite Jar Meals Recipes 
673470,0,0,0,0,0,0,0,0,0,0,2,Salad President A Cookbook Inspired Artists 
429224,1465141,0,0,0,0,0,0,0,0,0,3,MEJORES RECETAS DE ENSALADAS Para Bajar de Peso 
629,537577,1005351,44521,0,0,0,0,0,0,0,5,Hello Macaroni Salad Recipes Best Macaroni Salad Cookbook 
684,13990,0,0,0,0,0,0,0,0,0,3,Vegetarian Cookbook Incredibly Delicious Vegetarian Soup Salad Casserole 
1833071,48005,4882220,531837,0,0,0,0,0,0,0,5,Hello Main Dish Salad Recipes Best Main Dish 
505461,682394,75954,153947,29329,203815,684,891393,47481,2957,394156,142,Plant Based High Protein Cookbook Delicious Vegan Recipes 
146419,460968,2885626,771489,678478,55876,1758327,39659,2474881,136301,236228,26,Vegan Salads Over Vegan Quick Easy Gluten Free 
2508,274166,39657,731424,743,317724,8678,66604,19756,8640,1210,494,The Complete Keto For Two Cookbook For Beginners 
88287,24817,1231617,117880,575300,269918,1090447,224449,1315011,90034,59009,43,Spiralizer Spiralizer Cookbook Healthy And Delicious Spiralizer Recipes 
88004,64835,684,29329,36314,87872,110306,356131,394156,153947,276800,56,Salad Cookbook Delicious High Protein Vegetarian Salad Recipes 
754597,12271,198627,18909,5985,175625,9631,10136,68982,30551,1807,84,Keep It Vegan 
256866,25804,423177,1340504,1655998,660606,84556,2479581,1085127,117880,0,11,Zucchini Cookbook Family Zucchini Recipe Book Tasty Easy 
621374,1117132,122345,15639,22289,254838,434817,15722,8678,25804,12271,105,Superfood Salad Recipes A Clean Eating Cookbook Easy 
2893436,166495,157174,2438849,146419,2416156,4572290,1816190,2160371,678478,2446614,54,Superfoods Salads In A Jar Over Quick Easy 
2702664,0,0,0,0,0,0,0,0,0,0,2,recetas de ensaladas seductoras ensaladas rápidas fáciles para 
38844,0,0,0,0,0,0,0,0,0,0,2,The Everyday Allergy Free Cookbook Enjoy Amazing Easy 
175625,0,0,0,0,0,0,0,0,0,0,2,Homemade Salad Dressings Healthy And Yummy Salad Vinaigrette 
3258,2930,133034,2930,0,0,0,0,0,0,0,5,LAZY KETO DIET FOR VEGANS Top Quick Easy 
1623861,390111,160747,0,0,0,0,0,0,0,0,4,Salads That Inspire A Cookbook Creative Salads 
30947,920,684,1986,824545,1239,7299,5239,21285,7299,3472,133,PlantBased Budget Delicious Vegan Recipes Under Week Less 
65838,820258,0,0,0,0,0,0,0,0,0,3,The Homemade Vegan Pantry The Art Making Your 
248794,22281,122489,41241,5985,774556,42982,780278,29329,15388,7299,17,PlantBased Nutrition E Idiots Guides 
46094,42099,24661,188082,64835,684,0,0,0,0,0,7,The Oh She Glows Cookbook Over Vegan Recipes 
32107,337810,29329,116163,0,0,0,0,0,0,0,5,BOSH Simple Recipes Amazing Food All Plants BOSH 
48827,192751,15205,80500,55876,14518,74590,15388,179659,8127,41572,21,Forks Over Knives The PlantBased Way Health 
15185,18972,406,21285,0,2402,578,3472,39659,842,0,92,Vegan Pressure Cooking Revised ExpandedMore Delicious Grain Bean 
896132,1182961,1933117,1983152,1061538,801136,531821,0,0,0,0,8,PLANTLAB 
920,0,0,0,0,0,0,0,0,0,0,2,Bish Bash Bosh Your Favorites All Plants BOSH 
198627,645356,74590,0,0,0,0,0,0,0,0,4,But I Could Never Go Vegan Recipes That 
15185,0,0,0,0,0,0,0,0,0,0,2,Rachel Ama ’ Vegan Eats Tasty plantbased recipes 
55876,824545,310878,23659,0,0,0,0,0,0,0,5,The Vegan Instant Pot Cookbook Wholesome Indulgent PlantBased 
100017,0,0,0,0,0,0,0,0,0,0,2,Forks Over Knives Flavor Delicious WholeFood PlantBased Recipes 
41572,816870,23659,80500,8127,76666,100017,15388,2957,15205,229666,33,Forks Over Knives—The Cookbook Over Recipes PlantBased Eating 
81238,0,0,0,0,0,0,0,0,0,0,2,Best Holiday Dishes Vegans Your Life Amazing Recipes 
12271,51493,251437,80748,0,0,0,0,0,0,0,5,Thug Kitchen The Official Cookbook Eat Like You 
116163,15185,0,0,0,0,0,0,0,0,0,3,BOSH Healthy Vegan BOSH Series Book 
920,314467,134735,0,0,0,0,0,0,0,0,4,The Happy Pear Recipes Happiness Delicious Easy Vegetarian 
251437,2298,12271,15388,29032,0,0,0,0,0,0,6,Thug Kitchen Fast Fck A Cookbook Thug Kitchen 
920,1367,0,0,0,0,0,0,0,0,0,3,Vegetable Kingdom The Abundant World Vegan Recipes 
19797,0,0,0,0,0,0,0,0,0,0,2,Sweet Potato Soul Easy Vegan Recipes Southern Flavors 
684,18972,0,0,0,0,0,0,0,0,0,3,Hot Food Vegan Comfort Classics Recipes Feed Your 
8155,38816,349344,25804,5795,300518,2930,18909,39659,1534,21355,178,The Easy Vegan Cookbook Make Healthy Home Cooking 
15205,12271,301342,115057,41572,24661,28125,0,96341,64835,15388,102,The No Meat Athlete Cookbook Whole Food PlantBased 
81286,0,0,0,0,0,0,0,0,0,0,2,PlantsOnly Kitchen 
0,1471139,1389876,0,0,0,0,0,0,0,0,4,Love Your Body Feed Your Soul SelfCare Rituals 
307574,0,0,0,0,0,0,0,0,0,0,2,The Greenprint PlantBased Diet Best Body Better World 
501573,146419,15185,264546,155834,5795,47481,75954,665893,315149,733447,28,FAST EASY VEGETARIAN MEAL PREP Weekly Plans Recipes 
70906,0,36618,774556,113543,684,7767,469842,55876,65688,13990,23,The Complete Vegetarian Cookbook A Fresh Guide Eating 
380352,87836,36314,3258,39659,146276,383954,118920,0,0,0,9,The Essential Vegan Keto Cookbook Healthy Delicious PlantBased 
920,251624,0,0,0,0,0,0,0,0,0,3,The Mediterranean Vegan Kitchen MeatFree EggFree DairyFree Dishes 
146097,294352,214792,231548,324013,252643,457853,477928,195381,614642,0,11,AFFORDABLE PLANTBASED COOKING WITH YOUR INSTANT POT Quick 
153942,0,0,0,0,0,0,0,0,0,0,2,Vegan Richas Indian Kitchen Traditional Creative Recipes Home 
2738554,52450,39206,231548,181516,1990223,1504859,112037,1014909,598266,2526481,13,Super Simple One Pot Meals Learn Cook Easy 
80748,29329,0,0,0,0,0,0,0,0,0,3,Mostly Plants Delicious Flexitarian Recipes Pollan Family 
0,1121284,968086,503351,1284340,937224,1285470,0,0,0,0,8,GlutenFree Baking Perfect Gluten Free Bread Cookies Cakes 
26899,0,0,0,0,0,0,0,0,0,0,2,The Kind Diet A Simple Guide Feeling Great 
103551,43841,364401,42913,74861,30183,766979,41509,361269,475314,259353,17,Ottolenghi Flavor A Cookbook 
431222,261586,63241,824545,36367,2930,133218,589652,0,405531,75954,722,Five Ingredient Vegan 
18909,1576674,18972,329027,77553,983453,55876,39659,6801,149452,76666,23,The Vegan Simple Delicious Recipes Made Ingredients Less 
1063009,572984,14518,884841,868080,925804,196957,383409,399480,0,0,10,Vegan Reset The Day Plan Kickstart Your Healthy 
9860,866794,0,62108,55578,643809,1018042,488235,830183,1287422,516629,30,Veggie Mama 
77258,658934,154103,582585,11960,532175,46480,55876,30551,198627,161905,28,I Can Cook Vegan 
765239,55050,0,0,0,0,0,0,0,0,0,3,Sweetly Raw Desserts 
86643,10147,203876,31568,3637,16239,210471,328646,30985,8640,33004,60,Keto Smoothie Recipes Healthy And Delicious Ketogenic Diet 
15185,0,0,0,0,0,0,0,0,0,0,2,Vegan Cheap Great Recipes Simple Strategies Save You 
875410,4151,258305,1047157,248242,0,0,0,0,0,0,6,Indian Delicious Indian recipes ingredients fewer 
289293,0,0,0,0,0,0,0,0,0,0,2,Every Grain Rice Simple Chinese Home Cooking 
122207,2556,0,0,0,0,0,0,0,0,0,3,Fermentation Beginners Delicious Fermented Vegetable Recipes Better Digestion 
54172,0,0,0,0,0,0,0,0,0,0,2,Fermented Vegetables Creative Recipes Fermenting Vegetables Herbs Krauts 
0,684,88004,252407,206723,264546,1002229,0,0,0,0,8,The Vegetarian Meal Prep Cookbook TimeSaving Recipes Weekly 
539918,484322,316,1271349,8265,62254,99112,540900,88287,51517,1094602,54,Air Fryer Cookbook For Beginners In Easy Healthy 
2661541,2550425,0,0,0,0,0,0,0,0,0,3,The Easy GlutenFree Cookbook Fast FussFree Recipes Busy 
3145552,523356,874962,937276,1765241,904395,1224062,515251,4576968,4947220,1253462,12,Things To Do With Potato 
6543,59516,12577,59616,1172,117269,0,0,0,0,0,7,Six Seasons A New Way Vegetables 
1150930,294352,31575,15388,323173,64835,924253,113543,1411925,295075,6801,19,The Complete Vegan Instant Pot Cookbook Delicious WholeFood 
42099,188082,684,46094,60819,24661,0,0,0,0,0,7,The Oh She Glows Cookbook Over Vegan Recipes 
109744,36390,108455,1162184,167263,55833,30436,87502,167899,590005,109744,349,Edible Wild Plants 
15247,106957,906042,2957,15388,98489,100017,0,0,0,0,8,The PlantBased Diet Beginners Delicious Healthy WholeFood Recipes 
121558,1370109,2773130,186129,1512711,17418,977264,8549,87911,411703,2350,28,THE GARDEN GURU ’ S GUIDE TO PRESERVING 
54701,337723,97605,342571,77,47876,39328,216247,186967,48290,54631,50,The New Vegetarian Cooking Everyone A Cookbook ] 
645356,198627,74590,0,0,0,0,0,0,0,0,4,But I Could Never Go Vegan Recipes That 
98158,364166,32107,29329,0,0,0,0,0,0,0,5,BOSH Simple Recipes Amazing Food All Plants BOSH 
1085251,212523,2421610,1232576,13748,34007,1772982,1233845,114623,948894,0,11,Days Spiralizer Recipes A Spiralizer Cookbook Over Recipes 
874,0,0,0,0,0,0,0,0,0,0,2,Bish Bash Bosh Your Favorites All Plants BOSH 
952318,120807,118920,120227,973835,12395,181103,76042,15270,779760,853307,12,The Plant Paradox Cookbook Delicious Recipes Help You 
88168,0,0,0,0,0,0,0,0,0,0,2,The Essential Vegetable Cookbook Simple Satisfying Ways Eat 
909272,415932,12506,14053,1677535,1062749,707437,567007,1063009,491290,178256,13,LowCarb Vegetarian Cookbook Easy Recipes KickStart Meal Plan 
107354,76147,16322,54752,3325,41763,1246262,143687,179796,144616,220419,62,The Healthy Air Fryer Cookbook Truly Healthy Fried 
41761,24661,22989,354524,0,0,0,0,0,0,0,5,Rachel Ama ’ Vegan Eats Tasty plantbased recipes 
8514,15007,224580,64793,2957,12506,22277,119038,78266,599629,358150,342,Eating Vegan A PlantBased Cookbook Beginners 
224184,88861,413624,0,0,0,0,0,0,0,0,4,Cool Beans The Ultimate Guide Cooking Worlds Most 
76113,0,0,0,0,0,0,0,0,0,0,2,Eating Color Delicious Healthy Recipes You Your Family 
80336,601662,1720909,3631403,63828,133476,0,1510302,0,0,0,9,The Healthy Smoothie Bible Lose Weight Detoxify Fight 
50021,0,0,0,0,0,0,0,0,0,0,2,One Pan Two Plates More Than Complete Weeknight 
224724,41089,1362713,123315,210515,14812,76666,85356,752,448547,1361950,45,The Minute Vegetarian Cookbook Healthy Delicious Meals Busy 
0,55628,41680,8636,684,780748,469842,114443,1712060,113543,70906,23,The Complete Vegetarian Cookbook A Fresh Guide Eating 
34816,0,0,0,0,0,0,0,0,0,0,2,You deserve Simple Natural Recipes For A Healthy 
651586,9631,379203,314463,1479323,94058,34115,847826,587107,13762,5063,15,DR SEBI How Naturally Detox Liver Reverse Diabetes 
1313,0,0,0,0,0,0,0,0,0,0,2,Ultimate Veg Easy Delicious Meals Everyone American Measurements 
743,286731,51476,49115,31568,3573,2930,489208,0,891818,152326,111,Atkins Diet Plan The Complete Beginners Guide With 
108685,0,0,0,0,0,0,0,0,0,0,2,Ruffage A Practical Guide Vegetables 
3287410,679887,64086,2788788,90170,467310,53956,2594084,2927262,63272,0,11,Nutribullet Recipe Book Smoothie Recipes WeightLoss Detox AntiAging 
35960,8514,3150,12506,24824,14802,10366,12577,76583,88861,92814,33,Forks Over Knives—The Cookbook Over Recipes PlantBased Eating 
1174502,49667,0,0,0,0,0,0,0,0,0,3,Arial Chef UnicornPreneur Book 
101709,170624,125509,590005,78370,448381,30436,341270,178207,125509,55833,35,The Complete Guide Edible Wild Plants 
849995,830144,511474,0,0,0,0,0,0,0,0,4,Pam Jam The Book Preserves 
612493,480659,88861,60819,17261,27794,752,347721,2036,14802,159429,109,Vegetarian Instant Pot Cookbook Fast Easy Follow Healthy 
1778966,14244,722904,4816,649472,942498,20335,499907,344332,259861,998625,215,The Farmers Market Cookbook 
155497,93550,188288,210832,62073,80,58788,167787,165835,3573,425849,186,Ingredients Quick Easy Food The UK edition 
224580,513312,793905,44292,8514,401420,850818,64427,330801,255726,354118,190,Plant Based Diet Cookbook For Beginners HighProtein Healthy 
28998,0,383470,55532,187621,14802,12506,27928,498973,136571,35960,58,The No Meat Athlete Cookbook Whole Food PlantBased 
212838,487107,174178,626090,339994,121554,300246,109770,463835,319094,0,11,AFFORDABLE PLANTBASED COOKING WITH YOUR INSTANT POT Quick 
140665,0,0,0,0,0,0,0,0,0,0,2,Amish Canning Preserving How Make Soups Sauces Pickles 
1474836,1394059,0,0,0,0,0,0,0,0,0,4,Love Your Body Feed Your Soul SelfCare Rituals 
58022,0,0,0,0,0,0,0,0,0,0,2,Whole Food Cooking Every Day Transform Way You 
12105,0,0,0,0,0,0,0,0,0,0,2,Plenty Vibrant Vegetable Recipes Londons Ottolenghi 
129913,22894,361681,346539,76425,248053,395735,96577,3355,1144534,103689,109,Dr Sebi The Complete Guide Dr Sebi ’ 
48290,752,19330,7981,1400,874,3638,389,31785,3809,22277,52,Vegan Cookbook Beginners Top Absolutely DeliciousGuiltFree Easy Vegan 
15007,143023,0,0,0,0,0,0,0,0,0,3,The Vegan Bodybuilders Cookbook Essential Recipes Meal Plans 
255726,844325,246917,0,640371,264101,57053,60827,1206,248419,3150,396,Plant Based Diet Cookbook beginners Quick Easy Cookbook 
116568,25309,56617,173772,19380,46859,253305,19814,10439,339939,123985,81,The Farm Cooking School 
76113,0,0,0,0,0,0,0,0,0,0,2,Sprouts The Miracle Food The Complete Guide Sprouting 
2212411,0,0,0,0,0,0,0,0,0,0,2,Essentially Aubergines 
85356,104005,159429,509134,669853,331751,736905,44292,187621,104005,114443,28,FAST EASY VEGETARIAN MEAL PREP Weekly Plans Recipes 
58788,1906607,166044,237469,1915035,496447,76113,17918,602459,35446,179266,59,Comfort food soothe soul 
0,1391318,257449,168954,0,672749,2060620,0,0,0,0,8,Dr Sebi Alkaline Recipe A Comprehensive Guide On 
26304,103580,14802,87197,145970,3150,136571,80,85356,28998,236000,533,The Easy Ingredient Vegan Cookbook Healthy Plant Based 
357124,1235360,3261066,163804,955103,202851,30577,2998,907958,1730341,399203,13,Bean Bean A Cookbook More Recipes Fresh Beans 
12105,21240,5216,8902,13843,6751,100722,21627,21503,99318,3726,84,Vegan Vengeance th Anniversary Edition Over Delicious Cheap 
47411,373443,47689,62073,770980,19060,370034,114692,271100,11033,734127,17,Ottolenghi Flavor A Cookbook 
55980,0,0,0,0,0,0,0,0,0,0,2,Food Mighty Salads New Ways Turn Salad Dinner 
24824,121554,347721,612493,14802,31116,63390,6272,323235,87197,36219,44,Vegetarian Instant Pot Healthy PlantBased Recipes Make Quick 
27794,798464,103018,686738,331376,118894,90717,472742,9801,14802,58788,75,Foodie Cookbook Beginners Foodie Recipe Book Day Plan 
628303,8309,332953,27463,0,0,0,0,0,0,0,5,James Beards Menus Entertaining 
212103,0,0,0,0,0,0,0,0,0,0,2,Organizing Your Kitchen SORT Succeed Five Simple Steps 
0,251474,71549,156366,31116,217156,210616,1206,8514,93261,3150,87,The PlantBased Diet Beginners The Health Benefits Eating 
145129,71444,490,155702,434777,490845,42308,72937,41450,618672,248333,23,Instant Vortex Air Fryer Oven Cookbook beginners Most 
72937,35145,94559,149223,618672,0,0,0,0,0,0,6,INSTANT POT AIR FRYER LID COOKBOOK Affordable Quick 
6013,12212,0,0,0,0,0,0,0,0,0,3,A Table Friends The Art Cooking Two Twenty 
165835,521031,76113,443371,84989,456249,701730,463202,404365,88054,502335,84,Keto Bread Machine Recipe Book Quick And Easy 
39776,67082,946961,371762,295287,685,24887,53548,24670,240478,105332,247,Air Fryer Cookbook Beginners Day Quick Easy Recipe 
697,964295,1065577,1018497,1196,0,0,0,0,0,0,6,Hello Margarita Recipes Best Margarita Cookbook Ever For 
729331,846561,218903,106826,214429,3255,39776,887805,324223,88447,531789,195,Air Fryer Cookbook Beginners Easy Healthy LowCarb Recipes 
234,15974,938525,87109,202958,91496,296765,246233,985901,4096,473259,34,Intermittent Fasting Increase Energy Heal Your Body Intermittent 
12168,222177,384455,26640,72937,3526,490,1175863,44345,0,0,10,Nuwave Air Fryer Oven Cookbook Beginners Amazingly Easy 
3016457,778423,0,0,0,0,0,0,0,0,0,3,Confessions Serial Entertainer 
6013,0,0,0,0,0,0,0,0,0,0,2,Copycat Recipes Texas Roadhouse A StepbyStep Cookbook Guide 
831908,210322,596446,247315,1455873,803789,66353,0,0,0,0,8,KETO SOUPS OVER AMAZING KETO SOUPS FOR ALL 
249273,9662,0,0,62152,10116,10994,24286,1156913,13720,15716,99,More Decorative Napkin Folding Dover Craft Books 
54896,0,0,0,0,0,0,0,0,0,0,2,Platters Boards Beautiful Casual Spreads Every Occasion 
66276,0,0,0,0,0,0,0,0,0,0,2,Cooking Cast Iron Skillets Timeless Delicious Family Recipes 
8464,142551,1282,2018226,698336,289897,36298,0,0,0,0,8,KETO ICE CREAMS COOKBOOK EASY AND DELICIOUS ICE 
3786864,0,0,0,0,0,0,0,0,0,0,2,Nothing Fancy Unfussy Food Having People Over 
340853,24887,9801,14049,21909,3255,149823,8193,735,16328,7896,207,Slow Cooker Cookbook Easy Recipes Simple Follow Food 
100586,9308,1094483,29285,38101,120107,173915,177481,13706,9168,29041,32,Foodie Grill Cookbook Beginners Recipe Foodie Grill Cookbook 
14351,1609008,2209615,521217,788068,1282206,397114,668161,0,0,0,9,Hello Main Dish Casserole Recipes Best Main Dish 
915090,1048250,2099634,1127631,0,0,0,0,0,0,0,5,Cooking Joule Sous Vide Immersion Circulator Delicious Recipes 
1282,544755,49170,31116,335645,786975,222075,31516,469031,150725,68863,90,Keto Instant Pot Cookbook Beginners Burn Low Carb 
1150956,1272078,17901,389275,205367,315984,89956,7243,83251,31116,672115,119,Mediterranean Diet Cookbook Two Easy Healthy Delicious Recipes 
144616,0,0,0,0,0,0,0,0,0,0,2,Copycat Recipes A COMPLETE StepbyStep Cookbook Guide make 
1040273,837769,128761,698724,106215,191084,0,0,0,0,0,7,Aroma Rice Cooker Cookbook Easy Delicious Rice Cooker 
162202,497877,5907,64086,0,0,0,0,0,0,0,5,KETO DRINK COOKBOOK FOR BEGINNERS SMOOTHIES COCKTAILS JUICES 
698336,735,283881,454314,190538,289897,157666,95319,103624,777890,190200,14,KETO ICE CREAMS EASY RECIPES FOR BEGINNERS 
15189,15189,25468,1787,322902,14675,144816,738445,1147839,13263,729385,406,Mediterranean Diet Cookbook Day Meal Plan Lose Weight 
16322,13229,12451,244277,186864,648847,7243,52632,1505662,247787,496340,441,Instant Pot Recipe Book Quick Easy Electric Pressure 
1012249,0,0,0,0,0,0,0,0,0,0,2,comidas peruanas platos criollos Spanish Edition 
1102012,265966,294,1065577,612,964295,1320525,917101,0,0,0,9,Hello Rum Drink Recipes Best Rum Drink Cookbook 
1044991,0,0,0,0,0,0,0,0,0,0,2,The Sandwich Cookbook Kids The Fun Easy Way 
65875,915793,16322,187344,838835,182481,385319,238043,8055,670364,7243,59,Instant Pot Cookbook Foolproof Recipes Electric Pressure Cooker 
641524,77935,565363,527822,2190,735,3255,1871816,10925,614501,796986,29,Ketogenic Diet Cookbook Top Keto Recipes Health Rapid 
39357,693056,1115834,12577,1011066,737874,1240858,55980,2474326,695854,716771,58,Hello Bean Salad Recipes Best Bean Salad Cookbook 
126653,76113,335091,735,3255,161170,2151,13223,740261,14049,374718,621,Ketogenic Instant Pot Cookbook Low Carb Weight Loss 
322979,0,0,0,0,0,0,0,0,0,0,2,The Ultimate Cookbook African Jollof rice African Recipes 
233209,41171,576684,68318,12451,175676,33700,97954,0,0,0,9,A Dinner Day Complete Meals Minutes Every Weeknight 
55233,1203519,97097,631879,0,0,0,0,0,0,0,5,Hello Christmas Side Dish Recipes Best Christmas Side 
12212,0,0,0,0,0,0,0,0,0,0,2,Easy Picnic Cookbook Delicious Easy Picnic Recipes All 
581145,0,0,0,0,0,0,0,0,0,0,2,Inversion Therapy Neck Back Pain How Use Inversion 
497877,379352,1282,13827,36298,1416,547273,15270,281083,309770,167999,88,KETO DRINKS COOKBOOK EASY AND DELICIOUS DRINKS FOR 
22563,0,0,0,0,0,0,0,0,0,0,2,My French Country Home Entertaining Through Seasons 
368747,0,0,0,0,0,0,0,0,0,0,2,Hello Lemonade Recipes Best Lemonade Cookbook Ever For 
709052,1200227,1468776,1611,29709,0,0,0,0,0,0,6,Sunday Suppers Recipes Gatherings A Cookbook 
900950,19060,631879,525736,2131050,870924,1590164,624607,1309862,2215571,27463,68,Hello Christmas Recipes Best Christmas Cookbook Ever For 
1155708,10000,847335,28030,30973,355079,122023,448004,465980,118650,1107480,158,Professional Catering 
44224,161222,0,0,0,0,0,0,0,0,0,3,French Country Cottage Inspired Gatherings 
1282,63390,129753,43820,49170,788206,16322,13223,14049,308320,750664,30,The Keto Instant Pot Cookbook A Practical Approach 
159429,609936,644919,12506,323235,17261,396010,121554,29800,1018105,1890217,76,Vegan Instant Pot Cookbook Easy PlantBased Recipes Pressure 
195124,0,0,0,0,0,0,0,0,0,0,2,Hello Cinco de Mayo Recipes Best Cinco de 
391322,1127741,4181245,1598861,349528,429750,861914,1810013,737745,2433,144277,18,Campfire Cooking Easy Recipes Cooking Grill Cast Iron 
1519149,363503,1943345,143072,115879,988886,136703,110365,1279316,81571,245486,708,Mexican Food Easy Recipe Book 
22989,1072146,3900846,3211964,555558,763926,76632,1881214,203270,1038708,1658197,15,eat peas English picture book children 
1282206,884497,1199281,1100882,497581,1073303,1169574,862293,771272,1337936,2775805,17,Hello Spaghetti Squash Recipes Best Spaghetti Squash Cookbook 
6179,0,0,0,0,0,0,0,0,0,0,2,The Restaurant A Year History Dining Out — 
3255,249574,1680330,592753,27794,457224,17261,9168,3526,735,36777,48,Air Fryer Cookbook The Top Quick Easy Recipes 
1667337,0,0,0,0,0,0,0,0,0,0,2,An Everlasting Meal Cooking Economy Grace 
14773,94089,137034,0,0,0,0,0,0,0,0,4,Homemade canning cookbook Best preserving recipes pickles vegetables 
6013,0,0,0,0,0,0,0,0,0,0,2,The Complete Summer Cookbook Beat Heat Recipes Make 
348490,685,53548,517492,324223,67082,24887,44345,371762,106826,105332,247,Air Fryer Cookbook Beginners Day Quick Easy Recipe 
1159078,27794,195124,3551,11770,18656,212155,14802,30303,60819,572371,315,Days Cookie Recipes A Cookie Cookbook Over Recipes 
465672,106082,212004,365895,6087,5025,8004,17195,347365,227093,30893,87,The New Camp Cookbook 
108685,0,0,0,0,0,0,0,0,0,0,2,Ruffage A Practical Guide Vegetables 
48290,0,0,0,0,0,0,0,0,0,0,2,Days Real Food Fast Fabulous The Easy Delicious 
592502,94927,168455,646580,40586,195124,28787,143777,348614,4622,760049,13,Season Big Flavors Beautiful Food 
6013,0,0,0,0,0,0,0,0,0,0,2,Copycat Recipes Texas Roadhouse A StepbyStep Cookbook Guide 
35642,533124,16135,65535,239370,594026,126653,23646,8464,3255,272349,739,Keto Diet Instant Pot Cookbook Ingredients Keto Diet 
6858915,6272,0,0,0,0,0,0,0,0,0,3,Sous Vide Everybody The Easy Foolproof Cooking Technique 
3786864,0,0,0,0,0,0,0,0,0,0,2,Nothing Fancy Unfussy Food Having People Over 
60819,170097,93710,19330,39357,25833,0,0,0,0,0,7,The Oh She Glows Cookbook Over Vegan Recipes 
33829,98558,8087,74248,9525,2405,1041,331376,313,64204,0,67,Foodi Digital Air Fry Oven Cookbook Beginners Simple 
131810,103624,2792726,70339,166634,1298379,5796,1272244,22635,94927,2489779,16,Spice Mixes Spices And Herbs Mixes From Around 
1112829,163177,2254345,247497,405789,1419192,1064202,80401,88861,317207,2116,81,The Farm Cooking School 
8514,323168,1206,640371,357044,226904,242768,874,63844,2151996,1411443,87,The PlantBased Diet Beginners The Health Benefits Eating 
97097,0,0,0,0,0,0,0,0,0,0,2,Best Holiday Dishes Vegans Your Life Amazing Recipes 
357044,31116,6272,323235,121554,347721,87197,14802,24824,63390,612493,44,Vegetarian Instant Pot Healthy PlantBased Recipes Make Quick 
2471,0,0,0,0,0,0,0,0,0,0,2,Food Live By The Earthbound Farm Organic Cookbook 
0,99177,558,0,0,0,0,0,0,0,0,4,Whats Gaby Cooking Eat What You Want Recipes 
25131,32323,0,0,0,0,0,0,0,0,0,3,See You Sunday A Cookbook Family Friends 
66877,518706,271100,280214,0,0,0,0,0,0,0,5,Sababa Fresh Sunny Flavors From My Israeli Kitchen 
103163,84123,242629,0,0,0,0,0,0,0,0,4,Campfire Cooking Recipes Cook Flames Foil Packets Dutch 
27944,0,0,0,0,0,0,0,0,0,0,2,Top Most Delicious Homemade Popsicle Recipes ice pops 
2000,0,0,0,0,0,0,0,0,0,0,2,Magnolia Table Volume A Collection Recipes Gathering 
418493,71529,822779,695425,1521707,83251,961712,558,1162968,89956,133474,13,Mediterranean Diet Beginners Everything You Need Get Started 
508105,31705,2000,83464,0,0,0,0,0,0,0,5,Magnolia Table A Collection Recipes Gathering 
33688,2531,0,0,0,0,0,0,0,0,0,3,Dining In Highly Cookable Recipes A Cookbook 
6946,13193,1242,122387,58022,53303,0,0,0,0,0,7,Six Seasons A New Way Vegetables 
0,1989025,1539937,233307,0,0,0,0,0,0,0,5,Keto Ice Cream Homemade KetoFriendly Ice Creams Frozen 
99995,0,0,0,0,0,0,0,0,0,0,2,Dinner French My Recipes Way France A Cookbook 
886257,10439,0,0,0,0,0,0,0,0,0,3,Days Real Food On Budget Simple Tips Tasty 
1915035,602459,17918,58788,166044,76113,237469,179266,35446,1906607,496447,59,Comfort food soothe soul 
1911398,0,0,0,0,0,0,0,0,0,0,2,Milk Street The New Rules Recipes That Will 
141374,1430,4055,0,0,0,0,0,0,0,0,4,Food Jars Preserving Small Batches YearRound 
433684,0,0,0,0,0,0,0,0,0,0,2,The Art Simple Food Notes Lessons Recipes Delicious 
234332,2231037,457304,328029,244277,1451597,29800,1378195,53956,1416,917812,13,Delicious Sweet Potato Recipes – Tasty Healthy Sweet 
709388,0,54028,282936,173359,746335,8309,0,0,0,0,8,The Complete Cooks Country TV Show Cookbook Season 
460993,95117,4055,0,0,0,0,0,0,0,0,4,Canning Preserving Food Beginners Essential Cookbook How Can 
1816580,0,0,0,0,0,0,0,0,0,0,2,The AutumnTime Cookbook Delicious Autumn Recipes Leaves Change 
599843,0,0,0,0,0,0,0,0,0,0,2,Christmas Highclere Recipes traditions real Downton Abbey 
824627,111074,84335,1825642,55233,159145,1096290,113305,454314,2156091,520429,16,Easy Frozen Ice Pop Recipes – The Ice 
120881,181238,1506756,681645,819907,117184,463202,6268,253975,6153,1902298,46,Homemade Ice Cream Quick Easy Homemade Ice Cream 
59750,511474,43555,0,0,0,0,0,0,0,0,4,Pam Jam The Book Preserves 
1242,122387,15,47689,27794,4950,3505,17111,8309,12212,33329,32,The Smitten Kitchen Cookbook 
14773,0,0,0,0,0,0,0,0,0,0,2,DIY Pickling Beginners Guide To Easy StepByStep Fermented 
140665,0,0,0,0,0,0,0,0,0,0,2,Amish Canning Preserving How Make Soups Sauces Pickles 
646969,1313,429827,19808,76113,563633,167787,63390,205959,720325,88054,21,Everyday Food Great Food Fast Recipes Easy Delicious 
88625,162475,108419,47411,154942,221423,76113,0,19545,86632,11820,35,The Food Cookbook Winning Recipes Exceptional Home Cooks 
345760,257048,11339,0,0,0,0,0,0,0,0,4,The Home Preserving Bible A Complete Guide Every 
384455,26640,3526,490,12168,1175863,44345,1041,222177,0,0,10,Nuwave Air Fryer Oven Cookbook Beginners Amazingly Easy 
1416,6272,186864,79848,88979,12451,319,85357,9168,2036,4619,62,Instant Pot Cookbook Beginners Master Your Instant Pot 
322979,0,0,0,0,0,0,0,0,0,0,2,The Ultimate Cookbook African Jollof rice African Recipes 
1032,1042797,0,0,0,0,0,0,0,0,0,3,Air Fryer Accessories Recipe Cookbook Best Fresh Healthy 
210322,17111,27794,326962,6272,43480,32765,97954,41404,319,165835,70,Weeknight Meals Cookbook Two Easy Healthy Dinner Recipes 
581145,0,0,0,0,0,0,0,0,0,0,2,Inversion Therapy Neck Back Pain How Use Inversion 
20358,0,0,0,0,0,0,0,0,0,0,2,Mastering The Keto Meal Prep The Ultimate Guide 
97097,0,0,0,0,0,0,0,0,0,0,2,Best Holiday Dishes Vegans Your Life Amazing Recipes 
259485,9259,8636,219134,86469,78528,163231,103813,63390,515840,1668,363,Easy Baking Quick And Easy Pies Recipes For 
45981,112760,407700,348035,171980,299456,132375,108,88750,1006625,0,11,Complete Electric Smoker Cookbook Delicious Electric Smoker Recipes 
88122,464665,835366,340764,192245,17105,188286,437337,84741,346771,152516,20,Easy Recipes Perfect Any Occasion 
247787,403155,335905,1075695,119086,7243,774363,16322,0,0,0,9,THE COMPLETE INSTANT POT COOKBOOK Over Quick Foolproof 
53548,44345,12711,348490,52632,324223,67082,371762,106826,24887,517492,247,Air Fryer Cookbook Beginners Day Quick Easy Recipe 
1869303,0,0,0,0,0,0,0,0,0,0,2,Ceramic Titanium Cookbook Delicious Non Stick Recipes Your 
549236,3150,76113,129675,76029,94610,319,531251,800068,6232,19808,312,Meal Prep Delicious And Simple Meal Prep Recipes 
534644,514271,296983,177619,171980,351427,22724,116360,57656,90817,177306,47,Wood Pellet Smoker Grill Cookbook The Ultimate Guide 
480836,690942,288423,1929100,0,0,0,0,0,0,0,5,GoWise USA Air Fryer Recipe Cookbook Made Air 
16322,14802,22469,19808,109151,6272,39115,3255,14363,21909,214890,340,The Quick Easy Cookbook Tasty New Recipes You 
44345,735,7243,106826,88447,22469,16135,27794,1267415,3255,39776,188,Keto Air Fryer Cookbook Easy Healthy Low Carb 
286841,98558,0,0,0,0,0,0,0,0,0,3,Crisper Basket® Recipe Cookbook Nonstick Copper Tray Works 
372624,0,0,0,0,0,0,0,0,0,0,2,Anova Sous Vide Cookbook Best Complete Effortless Meals 
9801,16135,129753,7896,374718,13229,3255,2151,54539,159429,154633,522,Instant Pot Cookbook LowCarb Easy Healthy Instant Pot 
55105,411092,247787,67380,145832,319,36777,186864,319094,2401,2267,307,Instant Pot Cookbook Beginners Instant Pot Budget Cookbook 
51860,65817,443371,276,836807,9259,0,133934,101643,3255,255896,643,Easy Baking Quick And Easy Bread Recipes For 
126653,75807,27794,65535,24887,57960,58788,124331,48848,597504,68671,71,CROCK POT Delicious Healthy Crock Pot Recipes Crock 
671971,57934,88122,231199,1902298,582688,39802,362806,95319,32739,120881,12,Making Ice Cream Cuisinart Ice Cream Maker Good 
16882,27794,48848,14049,58788,272350,66445,979192,7243,3573,786975,46,Delicious Keto Desserts Best Tasty Low Carb Recipes 
168652,372624,1226455,1374927,40586,929454,637081,872048,331376,784855,1184050,13,Sous Vide Cookbook The Essential Beginners Guide For 
339714,88054,678418,8027,753164,31516,425399,165835,335905,7243,65535,289,THE KETO INSTANT POT COOKBOOK Quick Easy Delicious 
1206250,786975,710233,0,0,0,0,0,0,0,0,4,Keto Drinks Tasty Ketogenic Cocktails Warm Drinks Lemonades 
190200,719797,519321,764791,94498,598454,281083,500736,1392781,375907,142551,105,Keto Savory Fat Bombs Savory Fat Bombs Recipes 
786975,1017634,918582,2337752,1050776,218623,0,0,0,0,0,7,The Everything Cocktail Parties And Drinks Book The 
384618,69105,911,1279316,12499,11738,613,40232,21657,336175,33386,88,Easy Thanksgiving The Paleo Lowcarb Way 
0,2599538,103624,961712,133474,418493,89956,822779,1610114,71529,0,11,Mediterranean Diet Cookbook Beginners All Need get Started 
1812886,1277,331786,0,0,0,0,0,0,0,0,4,Electric Smoker Meat Recipes Complete Guide Tips Tricks 
36298,0,0,0,0,0,0,0,0,0,0,2,Easy healthy food instant pot cookbook Current recipes 
826652,1179699,3052987,948548,1744700,2993081,0,0,0,0,0,7,The Everything Slow Cooking For A Crowd Cookbook 
307626,0,0,0,0,0,0,0,0,0,0,2,Party People How We Make Millions Having Fun 
716801,16525,584406,5028,4117,53956,92296,302415,1799480,593277,4291696,128,Juicing Recipes Weight loss Detox Healthy Living 
39115,0,0,0,0,0,0,0,0,0,0,2,Mexican Cookbook Fish Recipes With Videos 
64483,68099,3270892,0,0,0,0,0,0,0,0,4,Low Carb Paleo Christmas Healthy Easy Recipes Based 
0,1173330,105217,3255,276,76113,14675,304553,787481,125723,219325,875,PALEO FOOD LIST Paleo Diet Food List For 
